-- MySQL dump 10.13  Distrib 5.7.31, for osx10.15 (x86_64)
--
-- Host: localhost    Database: legoland
-- ------------------------------------------------------
-- Server version	5.7.31

/*!40101 SET @OLD_CHARACTER_SET_CLIENT=@@CHARACTER_SET_CLIENT */;
/*!40101 SET @OLD_CHARACTER_SET_RESULTS=@@CHARACTER_SET_RESULTS */;
/*!40101 SET @OLD_COLLATION_CONNECTION=@@COLLATION_CONNECTION */;
/*!40101 SET NAMES utf8 */;
/*!40103 SET @OLD_TIME_ZONE=@@TIME_ZONE */;
/*!40103 SET TIME_ZONE='+00:00' */;
/*!40014 SET @OLD_UNIQUE_CHECKS=@@UNIQUE_CHECKS, UNIQUE_CHECKS=0 */;
/*!40014 SET @OLD_FOREIGN_KEY_CHECKS=@@FOREIGN_KEY_CHECKS, FOREIGN_KEY_CHECKS=0 */;
/*!40101 SET @OLD_SQL_MODE=@@SQL_MODE, SQL_MODE='NO_AUTO_VALUE_ON_ZERO' */;
/*!40111 SET @OLD_SQL_NOTES=@@SQL_NOTES, SQL_NOTES=0 */;

--
-- Table structure for table `inventory`
--

DROP TABLE IF EXISTS `inventory`;
/*!40101 SET @saved_cs_client     = @@character_set_client */;
/*!40101 SET character_set_client = utf8 */;
CREATE TABLE `inventory` (
  `id` int(11) NOT NULL AUTO_INCREMENT,
  `inventory` int(3) NOT NULL,
  `product_id` int(3) NOT NULL,
  `store_id` int(2) NOT NULL,
  PRIMARY KEY (`id`),
  KEY `product_id` (`product_id`),
  KEY `store_id` (`store_id`),
  CONSTRAINT `inventory_ibfk_1` FOREIGN KEY (`product_id`) REFERENCES `products` (`id`),
  CONSTRAINT `inventory_ibfk_2` FOREIGN KEY (`store_id`) REFERENCES `stores` (`id`)
) ENGINE=InnoDB AUTO_INCREMENT=2001 DEFAULT CHARSET=utf8;
/*!40101 SET character_set_client = @saved_cs_client */;

--
-- Dumping data for table `inventory`
--

LOCK TABLES `inventory` WRITE;
/*!40000 ALTER TABLE `inventory` DISABLE KEYS */;
INSERT INTO `inventory` VALUES (1,15,1,1),(2,0,1,2),(3,10,1,3),(4,0,1,4),(5,0,1,5),(6,9,1,6),(7,1,1,7),(8,0,1,8),(9,0,1,9),(10,12,1,10),(11,0,1,11),(12,0,1,12),(13,5,1,13),(14,12,1,14),(15,5,1,15),(16,0,1,16),(17,4,1,17),(18,12,1,18),(19,8,1,19),(20,12,1,20),(21,0,2,1),(22,0,2,2),(23,18,2,3),(24,0,2,4),(25,0,2,5),(26,16,2,6),(27,8,2,7),(28,0,2,8),(29,13,2,9),(30,20,2,10),(31,0,2,11),(32,4,2,12),(33,16,2,13),(34,2,2,14),(35,0,2,15),(36,12,2,16),(37,0,2,17),(38,12,2,18),(39,11,2,19),(40,0,2,20),(41,11,3,1),(42,7,3,2),(43,0,3,3),(44,0,3,4),(45,0,3,5),(46,0,3,6),(47,0,3,7),(48,0,3,8),(49,11,3,9),(50,0,3,10),(51,5,3,11),(52,9,3,12),(53,10,3,13),(54,1,3,14),(55,2,3,15),(56,19,3,16),(57,0,3,17),(58,0,3,18),(59,0,3,19),(60,0,3,20),(61,0,4,1),(62,2,4,2),(63,9,4,3),(64,2,4,4),(65,0,4,5),(66,19,4,6),(67,17,4,7),(68,0,4,8),(69,0,4,9),(70,0,4,10),(71,7,4,11),(72,0,4,12),(73,0,4,13),(74,9,4,14),(75,0,4,15),(76,19,4,16),(77,9,4,17),(78,0,4,18),(79,12,4,19),(80,20,4,20),(81,5,5,1),(82,0,5,2),(83,15,5,3),(84,0,5,4),(85,0,5,5),(86,0,5,6),(87,0,5,7),(88,0,5,8),(89,0,5,9),(90,2,5,10),(91,17,5,11),(92,14,5,12),(93,0,5,13),(94,0,5,14),(95,19,5,15),(96,13,5,16),(97,0,5,17),(98,0,5,18),(99,18,5,19),(100,0,5,20),(101,0,6,1),(102,14,6,2),(103,2,6,3),(104,13,6,4),(105,14,6,5),(106,8,6,6),(107,0,6,7),(108,11,6,8),(109,9,6,9),(110,7,6,10),(111,2,6,11),(112,9,6,12),(113,0,6,13),(114,18,6,14),(115,0,6,15),(116,17,6,16),(117,0,6,17),(118,0,6,18),(119,0,6,19),(120,16,6,20),(121,9,7,1),(122,4,7,2),(123,20,7,3),(124,0,7,4),(125,12,7,5),(126,0,7,6),(127,0,7,7),(128,0,7,8),(129,0,7,9),(130,0,7,10),(131,0,7,11),(132,14,7,12),(133,1,7,13),(134,11,7,14),(135,12,7,15),(136,10,7,16),(137,4,7,17),(138,16,7,18),(139,4,7,19),(140,0,7,20),(141,15,8,1),(142,0,8,2),(143,4,8,3),(144,3,8,4),(145,0,8,5),(146,14,8,6),(147,9,8,7),(148,0,8,8),(149,6,8,9),(150,0,8,10),(151,11,8,11),(152,2,8,12),(153,0,8,13),(154,0,8,14),(155,0,8,15),(156,0,8,16),(157,0,8,17),(158,0,8,18),(159,0,8,19),(160,5,8,20),(161,7,9,1),(162,19,9,2),(163,17,9,3),(164,0,9,4),(165,5,9,5),(166,19,9,6),(167,12,9,7),(168,0,9,8),(169,16,9,9),(170,3,9,10),(171,5,9,11),(172,0,9,12),(173,11,9,13),(174,10,9,14),(175,0,9,15),(176,2,9,16),(177,4,9,17),(178,2,9,18),(179,5,9,19),(180,0,9,20),(181,0,10,1),(182,0,10,2),(183,0,10,3),(184,0,10,4),(185,0,10,5),(186,0,10,6),(187,0,10,7),(188,4,10,8),(189,9,10,9),(190,0,10,10),(191,0,10,11),(192,0,10,12),(193,18,10,13),(194,5,10,14),(195,0,10,15),(196,17,10,16),(197,0,10,17),(198,0,10,18),(199,0,10,19),(200,7,10,20),(201,15,11,1),(202,0,11,2),(203,0,11,3),(204,8,11,4),(205,0,11,5),(206,0,11,6),(207,7,11,7),(208,0,11,8),(209,20,11,9),(210,7,11,10),(211,5,11,11),(212,0,11,12),(213,20,11,13),(214,0,11,14),(215,0,11,15),(216,15,11,16),(217,4,11,17),(218,1,11,18),(219,10,11,19),(220,15,11,20),(221,7,12,1),(222,6,12,2),(223,7,12,3),(224,6,12,4),(225,0,12,5),(226,0,12,6),(227,0,12,7),(228,11,12,8),(229,0,12,9),(230,6,12,10),(231,1,12,11),(232,0,12,12),(233,0,12,13),(234,16,12,14),(235,9,12,15),(236,15,12,16),(237,18,12,17),(238,16,12,18),(239,0,12,19),(240,2,12,20),(241,19,13,1),(242,0,13,2),(243,6,13,3),(244,18,13,4),(245,5,13,5),(246,0,13,6),(247,16,13,7),(248,0,13,8),(249,0,13,9),(250,0,13,10),(251,18,13,11),(252,16,13,12),(253,18,13,13),(254,0,13,14),(255,0,13,15),(256,15,13,16),(257,1,13,17),(258,4,13,18),(259,0,13,19),(260,19,13,20),(261,0,14,1),(262,7,14,2),(263,15,14,3),(264,19,14,4),(265,7,14,5),(266,0,14,6),(267,8,14,7),(268,0,14,8),(269,20,14,9),(270,14,14,10),(271,12,14,11),(272,0,14,12),(273,0,14,13),(274,1,14,14),(275,0,14,15),(276,0,14,16),(277,12,14,17),(278,0,14,18),(279,0,14,19),(280,0,14,20),(281,0,15,1),(282,10,15,2),(283,17,15,3),(284,12,15,4),(285,16,15,5),(286,15,15,6),(287,8,15,7),(288,1,15,8),(289,8,15,9),(290,15,15,10),(291,0,15,11),(292,15,15,12),(293,0,15,13),(294,0,15,14),(295,4,15,15),(296,13,15,16),(297,15,15,17),(298,6,15,18),(299,5,15,19),(300,0,15,20),(301,10,16,1),(302,0,16,2),(303,0,16,3),(304,20,16,4),(305,0,16,5),(306,0,16,6),(307,18,16,7),(308,16,16,8),(309,12,16,9),(310,0,16,10),(311,17,16,11),(312,0,16,12),(313,0,16,13),(314,0,16,14),(315,0,16,15),(316,0,16,16),(317,17,16,17),(318,9,16,18),(319,0,16,19),(320,0,16,20),(321,0,17,1),(322,5,17,2),(323,0,17,3),(324,12,17,4),(325,0,17,5),(326,0,17,6),(327,4,17,7),(328,0,17,8),(329,20,17,9),(330,10,17,10),(331,1,17,11),(332,0,17,12),(333,18,17,13),(334,20,17,14),(335,1,17,15),(336,0,17,16),(337,0,17,17),(338,0,17,18),(339,3,17,19),(340,0,17,20),(341,0,18,1),(342,6,18,2),(343,7,18,3),(344,8,18,4),(345,7,18,5),(346,0,18,6),(347,12,18,7),(348,0,18,8),(349,11,18,9),(350,0,18,10),(351,12,18,11),(352,20,18,12),(353,14,18,13),(354,0,18,14),(355,9,18,15),(356,0,18,16),(357,0,18,17),(358,14,18,18),(359,0,18,19),(360,15,18,20),(361,0,19,1),(362,0,19,2),(363,0,19,3),(364,0,19,4),(365,0,19,5),(366,0,19,6),(367,2,19,7),(368,17,19,8),(369,4,19,9),(370,0,19,10),(371,6,19,11),(372,0,19,12),(373,18,19,13),(374,0,19,14),(375,0,19,15),(376,10,19,16),(377,0,19,17),(378,0,19,18),(379,5,19,19),(380,0,19,20),(381,5,20,1),(382,0,20,2),(383,8,20,3),(384,17,20,4),(385,0,20,5),(386,0,20,6),(387,2,20,7),(388,0,20,8),(389,0,20,9),(390,0,20,10),(391,0,20,11),(392,15,20,12),(393,20,20,13),(394,15,20,14),(395,0,20,15),(396,14,20,16),(397,0,20,17),(398,0,20,18),(399,10,20,19),(400,1,20,20),(401,0,21,1),(402,0,21,2),(403,0,21,3),(404,0,21,4),(405,0,21,5),(406,17,21,6),(407,11,21,7),(408,3,21,8),(409,0,21,9),(410,4,21,10),(411,6,21,11),(412,9,21,12),(413,0,21,13),(414,12,21,14),(415,11,21,15),(416,0,21,16),(417,0,21,17),(418,0,21,18),(419,0,21,19),(420,6,21,20),(421,12,22,1),(422,0,22,2),(423,0,22,3),(424,14,22,4),(425,0,22,5),(426,0,22,6),(427,16,22,7),(428,2,22,8),(429,7,22,9),(430,2,22,10),(431,0,22,11),(432,0,22,12),(433,3,22,13),(434,0,22,14),(435,13,22,15),(436,19,22,16),(437,13,22,17),(438,12,22,18),(439,0,22,19),(440,0,22,20),(441,5,23,1),(442,11,23,2),(443,8,23,3),(444,10,23,4),(445,0,23,5),(446,19,23,6),(447,14,23,7),(448,0,23,8),(449,0,23,9),(450,0,23,10),(451,0,23,11),(452,0,23,12),(453,6,23,13),(454,7,23,14),(455,0,23,15),(456,0,23,16),(457,19,23,17),(458,0,23,18),(459,0,23,19),(460,0,23,20),(461,0,24,1),(462,10,24,2),(463,0,24,3),(464,0,24,4),(465,0,24,5),(466,0,24,6),(467,0,24,7),(468,0,24,8),(469,0,24,9),(470,0,24,10),(471,0,24,11),(472,0,24,12),(473,0,24,13),(474,0,24,14),(475,13,24,15),(476,5,24,16),(477,5,24,17),(478,0,24,18),(479,0,24,19),(480,19,24,20),(481,0,25,1),(482,0,25,2),(483,18,25,3),(484,0,25,4),(485,0,25,5),(486,8,25,6),(487,12,25,7),(488,0,25,8),(489,0,25,9),(490,0,25,10),(491,0,25,11),(492,15,25,12),(493,2,25,13),(494,13,25,14),(495,0,25,15),(496,6,25,16),(497,2,25,17),(498,8,25,18),(499,0,25,19),(500,0,25,20),(501,0,26,1),(502,0,26,2),(503,10,26,3),(504,16,26,4),(505,0,26,5),(506,0,26,6),(507,0,26,7),(508,0,26,8),(509,0,26,9),(510,0,26,10),(511,11,26,11),(512,0,26,12),(513,7,26,13),(514,0,26,14),(515,5,26,15),(516,0,26,16),(517,0,26,17),(518,2,26,18),(519,9,26,19),(520,9,26,20),(521,7,27,1),(522,6,27,2),(523,5,27,3),(524,20,27,4),(525,13,27,5),(526,8,27,6),(527,0,27,7),(528,0,27,8),(529,9,27,9),(530,8,27,10),(531,10,27,11),(532,4,27,12),(533,0,27,13),(534,0,27,14),(535,2,27,15),(536,4,27,16),(537,0,27,17),(538,11,27,18),(539,18,27,19),(540,9,27,20),(541,1,28,1),(542,20,28,2),(543,16,28,3),(544,0,28,4),(545,19,28,5),(546,12,28,6),(547,0,28,7),(548,13,28,8),(549,0,28,9),(550,0,28,10),(551,0,28,11),(552,15,28,12),(553,3,28,13),(554,7,28,14),(555,15,28,15),(556,4,28,16),(557,0,28,17),(558,0,28,18),(559,5,28,19),(560,0,28,20),(561,12,29,1),(562,0,29,2),(563,0,29,3),(564,0,29,4),(565,0,29,5),(566,0,29,6),(567,0,29,7),(568,0,29,8),(569,9,29,9),(570,0,29,10),(571,6,29,11),(572,13,29,12),(573,19,29,13),(574,0,29,14),(575,14,29,15),(576,0,29,16),(577,7,29,17),(578,0,29,18),(579,1,29,19),(580,16,29,20),(581,11,30,1),(582,17,30,2),(583,0,30,3),(584,10,30,4),(585,0,30,5),(586,0,30,6),(587,0,30,7),(588,9,30,8),(589,0,30,9),(590,0,30,10),(591,0,30,11),(592,0,30,12),(593,1,30,13),(594,1,30,14),(595,12,30,15),(596,0,30,16),(597,0,30,17),(598,18,30,18),(599,7,30,19),(600,5,30,20),(601,9,31,1),(602,15,31,2),(603,0,31,3),(604,0,31,4),(605,0,31,5),(606,0,31,6),(607,10,31,7),(608,7,31,8),(609,0,31,9),(610,14,31,10),(611,0,31,11),(612,0,31,12),(613,9,31,13),(614,0,31,14),(615,12,31,15),(616,0,31,16),(617,11,31,17),(618,0,31,18),(619,18,31,19),(620,0,31,20),(621,0,32,1),(622,0,32,2),(623,0,32,3),(624,6,32,4),(625,13,32,5),(626,0,32,6),(627,0,32,7),(628,0,32,8),(629,15,32,9),(630,3,32,10),(631,0,32,11),(632,4,32,12),(633,0,32,13),(634,8,32,14),(635,12,32,15),(636,0,32,16),(637,1,32,17),(638,18,32,18),(639,13,32,19),(640,0,32,20),(641,0,33,1),(642,0,33,2),(643,0,33,3),(644,0,33,4),(645,8,33,5),(646,0,33,6),(647,5,33,7),(648,0,33,8),(649,18,33,9),(650,1,33,10),(651,0,33,11),(652,8,33,12),(653,1,33,13),(654,4,33,14),(655,5,33,15),(656,0,33,16),(657,0,33,17),(658,0,33,18),(659,11,33,19),(660,10,33,20),(661,0,34,1),(662,0,34,2),(663,1,34,3),(664,19,34,4),(665,3,34,5),(666,0,34,6),(667,2,34,7),(668,0,34,8),(669,0,34,9),(670,3,34,10),(671,0,34,11),(672,0,34,12),(673,2,34,13),(674,0,34,14),(675,13,34,15),(676,1,34,16),(677,7,34,17),(678,0,34,18),(679,0,34,19),(680,1,34,20),(681,0,35,1),(682,0,35,2),(683,9,35,3),(684,16,35,4),(685,0,35,5),(686,0,35,6),(687,0,35,7),(688,0,35,8),(689,4,35,9),(690,0,35,10),(691,8,35,11),(692,0,35,12),(693,0,35,13),(694,0,35,14),(695,1,35,15),(696,16,35,16),(697,0,35,17),(698,0,35,18),(699,17,35,19),(700,0,35,20),(701,0,36,1),(702,0,36,2),(703,17,36,3),(704,0,36,4),(705,12,36,5),(706,20,36,6),(707,0,36,7),(708,18,36,8),(709,17,36,9),(710,10,36,10),(711,6,36,11),(712,7,36,12),(713,1,36,13),(714,2,36,14),(715,0,36,15),(716,1,36,16),(717,11,36,17),(718,0,36,18),(719,16,36,19),(720,0,36,20),(721,0,37,1),(722,0,37,2),(723,2,37,3),(724,16,37,4),(725,0,37,5),(726,0,37,6),(727,12,37,7),(728,0,37,8),(729,0,37,9),(730,3,37,10),(731,0,37,11),(732,19,37,12),(733,0,37,13),(734,0,37,14),(735,2,37,15),(736,0,37,16),(737,8,37,17),(738,0,37,18),(739,0,37,19),(740,0,37,20),(741,0,38,1),(742,10,38,2),(743,0,38,3),(744,0,38,4),(745,0,38,5),(746,0,38,6),(747,0,38,7),(748,0,38,8),(749,8,38,9),(750,9,38,10),(751,5,38,11),(752,5,38,12),(753,1,38,13),(754,0,38,14),(755,0,38,15),(756,0,38,16),(757,0,38,17),(758,7,38,18),(759,13,38,19),(760,0,38,20),(761,0,39,1),(762,5,39,2),(763,4,39,3),(764,0,39,4),(765,6,39,5),(766,0,39,6),(767,0,39,7),(768,9,39,8),(769,0,39,9),(770,0,39,10),(771,0,39,11),(772,15,39,12),(773,0,39,13),(774,0,39,14),(775,19,39,15),(776,10,39,16),(777,14,39,17),(778,1,39,18),(779,0,39,19),(780,2,39,20),(781,0,40,1),(782,3,40,2),(783,0,40,3),(784,20,40,4),(785,2,40,5),(786,0,40,6),(787,15,40,7),(788,8,40,8),(789,1,40,9),(790,0,40,10),(791,0,40,11),(792,8,40,12),(793,17,40,13),(794,0,40,14),(795,0,40,15),(796,13,40,16),(797,0,40,17),(798,0,40,18),(799,15,40,19),(800,0,40,20),(801,6,41,1),(802,16,41,2),(803,2,41,3),(804,0,41,4),(805,0,41,5),(806,0,41,6),(807,7,41,7),(808,0,41,8),(809,0,41,9),(810,0,41,10),(811,3,41,11),(812,0,41,12),(813,0,41,13),(814,11,41,14),(815,9,41,15),(816,0,41,16),(817,10,41,17),(818,0,41,18),(819,0,41,19),(820,0,41,20),(821,16,42,1),(822,0,42,2),(823,2,42,3),(824,7,42,4),(825,20,42,5),(826,1,42,6),(827,20,42,7),(828,4,42,8),(829,0,42,9),(830,0,42,10),(831,1,42,11),(832,13,42,12),(833,0,42,13),(834,3,42,14),(835,20,42,15),(836,1,42,16),(837,17,42,17),(838,0,42,18),(839,0,42,19),(840,0,42,20),(841,9,43,1),(842,1,43,2),(843,8,43,3),(844,0,43,4),(845,0,43,5),(846,18,43,6),(847,15,43,7),(848,0,43,8),(849,0,43,9),(850,0,43,10),(851,0,43,11),(852,0,43,12),(853,14,43,13),(854,0,43,14),(855,5,43,15),(856,0,43,16),(857,0,43,17),(858,2,43,18),(859,0,43,19),(860,4,43,20),(861,0,44,1),(862,1,44,2),(863,0,44,3),(864,0,44,4),(865,0,44,5),(866,0,44,6),(867,0,44,7),(868,5,44,8),(869,16,44,9),(870,11,44,10),(871,4,44,11),(872,7,44,12),(873,0,44,13),(874,13,44,14),(875,13,44,15),(876,0,44,16),(877,0,44,17),(878,18,44,18),(879,0,44,19),(880,7,44,20),(881,0,45,1),(882,0,45,2),(883,9,45,3),(884,0,45,4),(885,10,45,5),(886,7,45,6),(887,4,45,7),(888,20,45,8),(889,0,45,9),(890,0,45,10),(891,13,45,11),(892,14,45,12),(893,0,45,13),(894,0,45,14),(895,4,45,15),(896,17,45,16),(897,16,45,17),(898,16,45,18),(899,17,45,19),(900,18,45,20),(901,0,46,1),(902,8,46,2),(903,0,46,3),(904,0,46,4),(905,0,46,5),(906,17,46,6),(907,0,46,7),(908,0,46,8),(909,0,46,9),(910,0,46,10),(911,11,46,11),(912,0,46,12),(913,9,46,13),(914,3,46,14),(915,9,46,15),(916,8,46,16),(917,19,46,17),(918,0,46,18),(919,0,46,19),(920,4,46,20),(921,3,47,1),(922,15,47,2),(923,0,47,3),(924,14,47,4),(925,0,47,5),(926,3,47,6),(927,0,47,7),(928,2,47,8),(929,0,47,9),(930,13,47,10),(931,0,47,11),(932,0,47,12),(933,0,47,13),(934,20,47,14),(935,14,47,15),(936,12,47,16),(937,7,47,17),(938,3,47,18),(939,0,47,19),(940,6,47,20),(941,13,48,1),(942,0,48,2),(943,16,48,3),(944,0,48,4),(945,6,48,5),(946,14,48,6),(947,0,48,7),(948,0,48,8),(949,9,48,9),(950,0,48,10),(951,0,48,11),(952,0,48,12),(953,0,48,13),(954,20,48,14),(955,0,48,15),(956,13,48,16),(957,3,48,17),(958,0,48,18),(959,9,48,19),(960,0,48,20),(961,0,49,1),(962,0,49,2),(963,17,49,3),(964,13,49,4),(965,12,49,5),(966,7,49,6),(967,9,49,7),(968,0,49,8),(969,0,49,9),(970,13,49,10),(971,1,49,11),(972,0,49,12),(973,0,49,13),(974,0,49,14),(975,10,49,15),(976,0,49,16),(977,0,49,17),(978,10,49,18),(979,20,49,19),(980,0,49,20),(981,0,50,1),(982,0,50,2),(983,0,50,3),(984,8,50,4),(985,4,50,5),(986,0,50,6),(987,11,50,7),(988,7,50,8),(989,0,50,9),(990,0,50,10),(991,11,50,11),(992,0,50,12),(993,7,50,13),(994,12,50,14),(995,0,50,15),(996,6,50,16),(997,0,50,17),(998,9,50,18),(999,0,50,19),(1000,0,50,20),(1001,1,51,1),(1002,0,51,2),(1003,3,51,3),(1004,18,51,4),(1005,0,51,5),(1006,13,51,6),(1007,0,51,7),(1008,1,51,8),(1009,0,51,9),(1010,0,51,10),(1011,2,51,11),(1012,0,51,12),(1013,0,51,13),(1014,0,51,14),(1015,6,51,15),(1016,0,51,16),(1017,13,51,17),(1018,0,51,18),(1019,16,51,19),(1020,0,51,20),(1021,12,52,1),(1022,11,52,2),(1023,0,52,3),(1024,19,52,4),(1025,0,52,5),(1026,0,52,6),(1027,0,52,7),(1028,17,52,8),(1029,0,52,9),(1030,0,52,10),(1031,9,52,11),(1032,19,52,12),(1033,7,52,13),(1034,0,52,14),(1035,5,52,15),(1036,6,52,16),(1037,0,52,17),(1038,0,52,18),(1039,0,52,19),(1040,0,52,20),(1041,8,53,1),(1042,0,53,2),(1043,4,53,3),(1044,6,53,4),(1045,0,53,5),(1046,18,53,6),(1047,11,53,7),(1048,0,53,8),(1049,0,53,9),(1050,0,53,10),(1051,1,53,11),(1052,19,53,12),(1053,0,53,13),(1054,0,53,14),(1055,0,53,15),(1056,16,53,16),(1057,0,53,17),(1058,0,53,18),(1059,20,53,19),(1060,0,53,20),(1061,1,54,1),(1062,4,54,2),(1063,5,54,3),(1064,0,54,4),(1065,0,54,5),(1066,0,54,6),(1067,0,54,7),(1068,11,54,8),(1069,0,54,9),(1070,0,54,10),(1071,0,54,11),(1072,0,54,12),(1073,0,54,13),(1074,0,54,14),(1075,13,54,15),(1076,0,54,16),(1077,17,54,17),(1078,0,54,18),(1079,20,54,19),(1080,0,54,20),(1081,0,55,1),(1082,17,55,2),(1083,1,55,3),(1084,0,55,4),(1085,0,55,5),(1086,15,55,6),(1087,0,55,7),(1088,1,55,8),(1089,12,55,9),(1090,0,55,10),(1091,0,55,11),(1092,0,55,12),(1093,0,55,13),(1094,5,55,14),(1095,0,55,15),(1096,4,55,16),(1097,18,55,17),(1098,0,55,18),(1099,0,55,19),(1100,0,55,20),(1101,2,56,1),(1102,13,56,2),(1103,0,56,3),(1104,0,56,4),(1105,0,56,5),(1106,0,56,6),(1107,0,56,7),(1108,0,56,8),(1109,0,56,9),(1110,0,56,10),(1111,12,56,11),(1112,4,56,12),(1113,0,56,13),(1114,0,56,14),(1115,8,56,15),(1116,0,56,16),(1117,0,56,17),(1118,20,56,18),(1119,6,56,19),(1120,0,56,20),(1121,0,57,1),(1122,0,57,2),(1123,20,57,3),(1124,14,57,4),(1125,0,57,5),(1126,10,57,6),(1127,15,57,7),(1128,0,57,8),(1129,0,57,9),(1130,18,57,10),(1131,0,57,11),(1132,0,57,12),(1133,0,57,13),(1134,3,57,14),(1135,8,57,15),(1136,12,57,16),(1137,0,57,17),(1138,17,57,18),(1139,0,57,19),(1140,0,57,20),(1141,6,58,1),(1142,1,58,2),(1143,0,58,3),(1144,0,58,4),(1145,0,58,5),(1146,17,58,6),(1147,0,58,7),(1148,12,58,8),(1149,0,58,9),(1150,0,58,10),(1151,0,58,11),(1152,0,58,12),(1153,19,58,13),(1154,20,58,14),(1155,5,58,15),(1156,13,58,16),(1157,7,58,17),(1158,0,58,18),(1159,13,58,19),(1160,5,58,20),(1161,17,59,1),(1162,0,59,2),(1163,10,59,3),(1164,15,59,4),(1165,2,59,5),(1166,0,59,6),(1167,19,59,7),(1168,17,59,8),(1169,0,59,9),(1170,0,59,10),(1171,19,59,11),(1172,20,59,12),(1173,0,59,13),(1174,13,59,14),(1175,15,59,15),(1176,0,59,16),(1177,19,59,17),(1178,10,59,18),(1179,0,59,19),(1180,9,59,20),(1181,0,60,1),(1182,13,60,2),(1183,20,60,3),(1184,0,60,4),(1185,0,60,5),(1186,19,60,6),(1187,11,60,7),(1188,14,60,8),(1189,0,60,9),(1190,0,60,10),(1191,0,60,11),(1192,0,60,12),(1193,0,60,13),(1194,0,60,14),(1195,16,60,15),(1196,0,60,16),(1197,0,60,17),(1198,20,60,18),(1199,0,60,19),(1200,16,60,20),(1201,0,61,1),(1202,0,61,2),(1203,0,61,3),(1204,0,61,4),(1205,7,61,5),(1206,0,61,6),(1207,20,61,7),(1208,0,61,8),(1209,3,61,9),(1210,0,61,10),(1211,7,61,11),(1212,0,61,12),(1213,2,61,13),(1214,5,61,14),(1215,0,61,15),(1216,0,61,16),(1217,13,61,17),(1218,0,61,18),(1219,18,61,19),(1220,3,61,20),(1221,18,62,1),(1222,16,62,2),(1223,20,62,3),(1224,15,62,4),(1225,0,62,5),(1226,0,62,6),(1227,5,62,7),(1228,0,62,8),(1229,0,62,9),(1230,14,62,10),(1231,10,62,11),(1232,20,62,12),(1233,0,62,13),(1234,0,62,14),(1235,0,62,15),(1236,0,62,16),(1237,0,62,17),(1238,20,62,18),(1239,2,62,19),(1240,0,62,20),(1241,6,63,1),(1242,0,63,2),(1243,0,63,3),(1244,0,63,4),(1245,6,63,5),(1246,12,63,6),(1247,13,63,7),(1248,0,63,8),(1249,15,63,9),(1250,3,63,10),(1251,9,63,11),(1252,0,63,12),(1253,15,63,13),(1254,2,63,14),(1255,0,63,15),(1256,0,63,16),(1257,10,63,17),(1258,18,63,18),(1259,0,63,19),(1260,2,63,20),(1261,9,64,1),(1262,0,64,2),(1263,0,64,3),(1264,19,64,4),(1265,7,64,5),(1266,0,64,6),(1267,0,64,7),(1268,17,64,8),(1269,1,64,9),(1270,0,64,10),(1271,0,64,11),(1272,8,64,12),(1273,16,64,13),(1274,19,64,14),(1275,0,64,15),(1276,19,64,16),(1277,12,64,17),(1278,8,64,18),(1279,0,64,19),(1280,0,64,20),(1281,2,65,1),(1282,9,65,2),(1283,0,65,3),(1284,9,65,4),(1285,14,65,5),(1286,5,65,6),(1287,0,65,7),(1288,11,65,8),(1289,3,65,9),(1290,5,65,10),(1291,7,65,11),(1292,14,65,12),(1293,3,65,13),(1294,18,65,14),(1295,18,65,15),(1296,4,65,16),(1297,13,65,17),(1298,5,65,18),(1299,0,65,19),(1300,0,65,20),(1301,19,66,1),(1302,6,66,2),(1303,3,66,3),(1304,0,66,4),(1305,9,66,5),(1306,20,66,6),(1307,18,66,7),(1308,5,66,8),(1309,9,66,9),(1310,0,66,10),(1311,4,66,11),(1312,0,66,12),(1313,6,66,13),(1314,6,66,14),(1315,2,66,15),(1316,0,66,16),(1317,0,66,17),(1318,0,66,18),(1319,0,66,19),(1320,11,66,20),(1321,0,67,1),(1322,19,67,2),(1323,0,67,3),(1324,0,67,4),(1325,0,67,5),(1326,11,67,6),(1327,0,67,7),(1328,8,67,8),(1329,0,67,9),(1330,0,67,10),(1331,16,67,11),(1332,11,67,12),(1333,0,67,13),(1334,0,67,14),(1335,0,67,15),(1336,0,67,16),(1337,20,67,17),(1338,0,67,18),(1339,6,67,19),(1340,16,67,20),(1341,0,68,1),(1342,13,68,2),(1343,0,68,3),(1344,0,68,4),(1345,0,68,5),(1346,0,68,6),(1347,0,68,7),(1348,0,68,8),(1349,12,68,9),(1350,2,68,10),(1351,9,68,11),(1352,0,68,12),(1353,0,68,13),(1354,19,68,14),(1355,2,68,15),(1356,8,68,16),(1357,0,68,17),(1358,11,68,18),(1359,0,68,19),(1360,0,68,20),(1361,14,69,1),(1362,7,69,2),(1363,20,69,3),(1364,19,69,4),(1365,0,69,5),(1366,16,69,6),(1367,0,69,7),(1368,16,69,8),(1369,0,69,9),(1370,0,69,10),(1371,0,69,11),(1372,17,69,12),(1373,10,69,13),(1374,0,69,14),(1375,9,69,15),(1376,0,69,16),(1377,0,69,17),(1378,3,69,18),(1379,5,69,19),(1380,0,69,20),(1381,18,70,1),(1382,18,70,2),(1383,0,70,3),(1384,17,70,4),(1385,13,70,5),(1386,17,70,6),(1387,0,70,7),(1388,0,70,8),(1389,16,70,9),(1390,18,70,10),(1391,5,70,11),(1392,7,70,12),(1393,15,70,13),(1394,13,70,14),(1395,14,70,15),(1396,0,70,16),(1397,0,70,17),(1398,11,70,18),(1399,0,70,19),(1400,0,70,20),(1401,0,71,1),(1402,0,71,2),(1403,0,71,3),(1404,6,71,4),(1405,0,71,5),(1406,14,71,6),(1407,0,71,7),(1408,20,71,8),(1409,6,71,9),(1410,0,71,10),(1411,0,71,11),(1412,19,71,12),(1413,18,71,13),(1414,0,71,14),(1415,12,71,15),(1416,11,71,16),(1417,4,71,17),(1418,0,71,18),(1419,20,71,19),(1420,0,71,20),(1421,0,72,1),(1422,0,72,2),(1423,0,72,3),(1424,2,72,4),(1425,0,72,5),(1426,2,72,6),(1427,0,72,7),(1428,0,72,8),(1429,0,72,9),(1430,19,72,10),(1431,5,72,11),(1432,4,72,12),(1433,1,72,13),(1434,11,72,14),(1435,4,72,15),(1436,2,72,16),(1437,0,72,17),(1438,20,72,18),(1439,6,72,19),(1440,0,72,20),(1441,0,73,1),(1442,7,73,2),(1443,0,73,3),(1444,0,73,4),(1445,12,73,5),(1446,0,73,6),(1447,0,73,7),(1448,1,73,8),(1449,16,73,9),(1450,9,73,10),(1451,2,73,11),(1452,14,73,12),(1453,14,73,13),(1454,6,73,14),(1455,0,73,15),(1456,18,73,16),(1457,0,73,17),(1458,0,73,18),(1459,19,73,19),(1460,0,73,20),(1461,16,74,1),(1462,0,74,2),(1463,17,74,3),(1464,1,74,4),(1465,16,74,5),(1466,5,74,6),(1467,6,74,7),(1468,0,74,8),(1469,20,74,9),(1470,0,74,10),(1471,13,74,11),(1472,0,74,12),(1473,12,74,13),(1474,11,74,14),(1475,0,74,15),(1476,0,74,16),(1477,9,74,17),(1478,0,74,18),(1479,0,74,19),(1480,0,74,20),(1481,13,75,1),(1482,0,75,2),(1483,11,75,3),(1484,16,75,4),(1485,16,75,5),(1486,7,75,6),(1487,0,75,7),(1488,0,75,8),(1489,0,75,9),(1490,0,75,10),(1491,0,75,11),(1492,6,75,12),(1493,10,75,13),(1494,14,75,14),(1495,12,75,15),(1496,0,75,16),(1497,5,75,17),(1498,0,75,18),(1499,0,75,19),(1500,0,75,20),(1501,0,76,1),(1502,0,76,2),(1503,0,76,3),(1504,0,76,4),(1505,2,76,5),(1506,0,76,6),(1507,0,76,7),(1508,20,76,8),(1509,0,76,9),(1510,3,76,10),(1511,3,76,11),(1512,1,76,12),(1513,0,76,13),(1514,0,76,14),(1515,0,76,15),(1516,10,76,16),(1517,7,76,17),(1518,2,76,18),(1519,0,76,19),(1520,20,76,20),(1521,0,77,1),(1522,15,77,2),(1523,0,77,3),(1524,0,77,4),(1525,8,77,5),(1526,9,77,6),(1527,0,77,7),(1528,0,77,8),(1529,7,77,9),(1530,1,77,10),(1531,8,77,11),(1532,10,77,12),(1533,20,77,13),(1534,0,77,14),(1535,0,77,15),(1536,8,77,16),(1537,0,77,17),(1538,11,77,18),(1539,0,77,19),(1540,0,77,20),(1541,13,78,1),(1542,8,78,2),(1543,0,78,3),(1544,0,78,4),(1545,0,78,5),(1546,4,78,6),(1547,0,78,7),(1548,1,78,8),(1549,19,78,9),(1550,11,78,10),(1551,7,78,11),(1552,0,78,12),(1553,5,78,13),(1554,0,78,14),(1555,19,78,15),(1556,0,78,16),(1557,0,78,17),(1558,6,78,18),(1559,16,78,19),(1560,2,78,20),(1561,1,79,1),(1562,0,79,2),(1563,0,79,3),(1564,4,79,4),(1565,0,79,5),(1566,0,79,6),(1567,10,79,7),(1568,1,79,8),(1569,15,79,9),(1570,4,79,10),(1571,18,79,11),(1572,0,79,12),(1573,0,79,13),(1574,0,79,14),(1575,8,79,15),(1576,19,79,16),(1577,0,79,17),(1578,0,79,18),(1579,0,79,19),(1580,0,79,20),(1581,16,80,1),(1582,19,80,2),(1583,0,80,3),(1584,3,80,4),(1585,0,80,5),(1586,8,80,6),(1587,8,80,7),(1588,8,80,8),(1589,14,80,9),(1590,11,80,10),(1591,0,80,11),(1592,12,80,12),(1593,11,80,13),(1594,0,80,14),(1595,14,80,15),(1596,6,80,16),(1597,0,80,17),(1598,18,80,18),(1599,0,80,19),(1600,16,80,20),(1601,0,81,1),(1602,0,81,2),(1603,8,81,3),(1604,3,81,4),(1605,4,81,5),(1606,0,81,6),(1607,0,81,7),(1608,17,81,8),(1609,0,81,9),(1610,0,81,10),(1611,20,81,11),(1612,17,81,12),(1613,19,81,13),(1614,1,81,14),(1615,0,81,15),(1616,6,81,16),(1617,0,81,17),(1618,0,81,18),(1619,2,81,19),(1620,0,81,20),(1621,0,82,1),(1622,0,82,2),(1623,16,82,3),(1624,0,82,4),(1625,1,82,5),(1626,20,82,6),(1627,0,82,7),(1628,16,82,8),(1629,0,82,9),(1630,0,82,10),(1631,0,82,11),(1632,0,82,12),(1633,14,82,13),(1634,1,82,14),(1635,14,82,15),(1636,15,82,16),(1637,0,82,17),(1638,0,82,18),(1639,0,82,19),(1640,4,82,20),(1641,0,83,1),(1642,0,83,2),(1643,6,83,3),(1644,10,83,4),(1645,4,83,5),(1646,0,83,6),(1647,20,83,7),(1648,0,83,8),(1649,0,83,9),(1650,0,83,10),(1651,19,83,11),(1652,0,83,12),(1653,16,83,13),(1654,3,83,14),(1655,0,83,15),(1656,12,83,16),(1657,0,83,17),(1658,0,83,18),(1659,5,83,19),(1660,0,83,20),(1661,0,84,1),(1662,0,84,2),(1663,6,84,3),(1664,0,84,4),(1665,0,84,5),(1666,0,84,6),(1667,8,84,7),(1668,10,84,8),(1669,0,84,9),(1670,4,84,10),(1671,0,84,11),(1672,0,84,12),(1673,0,84,13),(1674,0,84,14),(1675,10,84,15),(1676,19,84,16),(1677,17,84,17),(1678,0,84,18),(1679,1,84,19),(1680,0,84,20),(1681,3,85,1),(1682,7,85,2),(1683,0,85,3),(1684,0,85,4),(1685,2,85,5),(1686,0,85,6),(1687,0,85,7),(1688,5,85,8),(1689,7,85,9),(1690,0,85,10),(1691,16,85,11),(1692,0,85,12),(1693,0,85,13),(1694,0,85,14),(1695,0,85,15),(1696,0,85,16),(1697,8,85,17),(1698,16,85,18),(1699,4,85,19),(1700,13,85,20),(1701,19,86,1),(1702,3,86,2),(1703,0,86,3),(1704,8,86,4),(1705,20,86,5),(1706,0,86,6),(1707,17,86,7),(1708,0,86,8),(1709,11,86,9),(1710,0,86,10),(1711,19,86,11),(1712,19,86,12),(1713,0,86,13),(1714,0,86,14),(1715,0,86,15),(1716,12,86,16),(1717,4,86,17),(1718,14,86,18),(1719,6,86,19),(1720,3,86,20),(1721,15,87,1),(1722,0,87,2),(1723,0,87,3),(1724,0,87,4),(1725,9,87,5),(1726,17,87,6),(1727,4,87,7),(1728,0,87,8),(1729,0,87,9),(1730,11,87,10),(1731,1,87,11),(1732,0,87,12),(1733,18,87,13),(1734,0,87,14),(1735,0,87,15),(1736,12,87,16),(1737,0,87,17),(1738,0,87,18),(1739,15,87,19),(1740,0,87,20),(1741,18,88,1),(1742,0,88,2),(1743,0,88,3),(1744,0,88,4),(1745,17,88,5),(1746,0,88,6),(1747,0,88,7),(1748,16,88,8),(1749,18,88,9),(1750,1,88,10),(1751,0,88,11),(1752,5,88,12),(1753,0,88,13),(1754,20,88,14),(1755,0,88,15),(1756,0,88,16),(1757,10,88,17),(1758,0,88,18),(1759,13,88,19),(1760,19,88,20),(1761,0,89,1),(1762,8,89,2),(1763,0,89,3),(1764,2,89,4),(1765,0,89,5),(1766,4,89,6),(1767,0,89,7),(1768,0,89,8),(1769,0,89,9),(1770,0,89,10),(1771,0,89,11),(1772,0,89,12),(1773,5,89,13),(1774,20,89,14),(1775,18,89,15),(1776,8,89,16),(1777,4,89,17),(1778,19,89,18),(1779,0,89,19),(1780,0,89,20),(1781,0,90,1),(1782,0,90,2),(1783,0,90,3),(1784,0,90,4),(1785,20,90,5),(1786,0,90,6),(1787,20,90,7),(1788,0,90,8),(1789,0,90,9),(1790,6,90,10),(1791,6,90,11),(1792,0,90,12),(1793,0,90,13),(1794,4,90,14),(1795,0,90,15),(1796,4,90,16),(1797,0,90,17),(1798,0,90,18),(1799,0,90,19),(1800,0,90,20),(1801,0,91,1),(1802,1,91,2),(1803,0,91,3),(1804,0,91,4),(1805,0,91,5),(1806,15,91,6),(1807,0,91,7),(1808,14,91,8),(1809,0,91,9),(1810,0,91,10),(1811,7,91,11),(1812,15,91,12),(1813,18,91,13),(1814,0,91,14),(1815,0,91,15),(1816,0,91,16),(1817,11,91,17),(1818,0,91,18),(1819,0,91,19),(1820,7,91,20),(1821,12,92,1),(1822,0,92,2),(1823,10,92,3),(1824,10,92,4),(1825,8,92,5),(1826,5,92,6),(1827,15,92,7),(1828,0,92,8),(1829,6,92,9),(1830,0,92,10),(1831,0,92,11),(1832,12,92,12),(1833,20,92,13),(1834,0,92,14),(1835,0,92,15),(1836,0,92,16),(1837,10,92,17),(1838,1,92,18),(1839,15,92,19),(1840,0,92,20),(1841,12,93,1),(1842,0,93,2),(1843,0,93,3),(1844,0,93,4),(1845,11,93,5),(1846,0,93,6),(1847,0,93,7),(1848,20,93,8),(1849,9,93,9),(1850,0,93,10),(1851,0,93,11),(1852,7,93,12),(1853,3,93,13),(1854,20,93,14),(1855,0,93,15),(1856,14,93,16),(1857,0,93,17),(1858,20,93,18),(1859,7,93,19),(1860,0,93,20),(1861,0,94,1),(1862,0,94,2),(1863,14,94,3),(1864,0,94,4),(1865,3,94,5),(1866,2,94,6),(1867,0,94,7),(1868,1,94,8),(1869,0,94,9),(1870,0,94,10),(1871,0,94,11),(1872,0,94,12),(1873,11,94,13),(1874,20,94,14),(1875,0,94,15),(1876,8,94,16),(1877,16,94,17),(1878,0,94,18),(1879,9,94,19),(1880,4,94,20),(1881,5,95,1),(1882,0,95,2),(1883,0,95,3),(1884,0,95,4),(1885,0,95,5),(1886,19,95,6),(1887,0,95,7),(1888,0,95,8),(1889,0,95,9),(1890,0,95,10),(1891,0,95,11),(1892,8,95,12),(1893,0,95,13),(1894,12,95,14),(1895,10,95,15),(1896,11,95,16),(1897,0,95,17),(1898,0,95,18),(1899,0,95,19),(1900,6,95,20),(1901,4,96,1),(1902,0,96,2),(1903,12,96,3),(1904,12,96,4),(1905,13,96,5),(1906,14,96,6),(1907,20,96,7),(1908,0,96,8),(1909,0,96,9),(1910,0,96,10),(1911,0,96,11),(1912,4,96,12),(1913,0,96,13),(1914,15,96,14),(1915,5,96,15),(1916,0,96,16),(1917,14,96,17),(1918,4,96,18),(1919,0,96,19),(1920,0,96,20),(1921,0,97,1),(1922,16,97,2),(1923,0,97,3),(1924,0,97,4),(1925,0,97,5),(1926,0,97,6),(1927,0,97,7),(1928,13,97,8),(1929,0,97,9),(1930,14,97,10),(1931,0,97,11),(1932,0,97,12),(1933,0,97,13),(1934,17,97,14),(1935,13,97,15),(1936,20,97,16),(1937,13,97,17),(1938,10,97,18),(1939,0,97,19),(1940,2,97,20),(1941,9,98,1),(1942,0,98,2),(1943,14,98,3),(1944,0,98,4),(1945,5,98,5),(1946,12,98,6),(1947,0,98,7),(1948,13,98,8),(1949,0,98,9),(1950,0,98,10),(1951,20,98,11),(1952,0,98,12),(1953,5,98,13),(1954,0,98,14),(1955,16,98,15),(1956,0,98,16),(1957,12,98,17),(1958,0,98,18),(1959,11,98,19),(1960,0,98,20),(1961,4,99,1),(1962,0,99,2),(1963,3,99,3),(1964,4,99,4),(1965,0,99,5),(1966,9,99,6),(1967,0,99,7),(1968,18,99,8),(1969,4,99,9),(1970,0,99,10),(1971,1,99,11),(1972,8,99,12),(1973,0,99,13),(1974,0,99,14),(1975,0,99,15),(1976,0,99,16),(1977,20,99,17),(1978,20,99,18),(1979,0,99,19),(1980,9,99,20),(1981,3,100,1),(1982,0,100,2),(1983,16,100,3),(1984,19,100,4),(1985,0,100,5),(1986,2,100,6),(1987,0,100,7),(1988,0,100,8),(1989,0,100,9),(1990,0,100,10),(1991,0,100,11),(1992,0,100,12),(1993,5,100,13),(1994,0,100,14),(1995,12,100,15),(1996,0,100,16),(1997,0,100,17),(1998,0,100,18),(1999,8,100,19),(2000,17,100,20);
/*!40000 ALTER TABLE `inventory` ENABLE KEYS */;
UNLOCK TABLES;

--
-- Table structure for table `products`
--

DROP TABLE IF EXISTS `products`;
/*!40101 SET @saved_cs_client     = @@character_set_client */;
/*!40101 SET character_set_client = utf8 */;
CREATE TABLE `products` (
  `id` int(11) NOT NULL AUTO_INCREMENT,
  `name` varchar(150) NOT NULL,
  `product_line` varchar(350) DEFAULT NULL,
  `tag` int(1) NOT NULL,
  `price` decimal(10,2) NOT NULL,
  `online_inventory` int(1) NOT NULL,
  `rating` decimal(3,2) NOT NULL,
  `review_count` int(5) NOT NULL,
  `customer_limit` int(2) NOT NULL,
  `liked` int(1) NOT NULL,
  `category_1` varchar(150) DEFAULT NULL,
  `category_2` varchar(150) DEFAULT NULL,
  `category_3` varchar(150) DEFAULT NULL,
  PRIMARY KEY (`id`)
) ENGINE=InnoDB AUTO_INCREMENT=101 DEFAULT CHARSET=utf8;
/*!40101 SET character_set_client = @saved_cs_client */;

--
-- Dumping data for table `products`
--

LOCK TABLES `products` WRITE;
/*!40000 ALTER TABLE `products` DISABLE KEYS */;
INSERT INTO `products` VALUES (1,'LEGO® Incredible Wooden Soap','Concrete™',1,325.99,1,0.27,36,14,0,'Concrete™','Gorgeous','Beauty®'),(2,'LEGO® Licensed Wooden Fish','Cotton™',3,477.99,1,1.70,764,13,0,'Cotton™','Gorgeous','Books®'),(3,'LEGO® Incredible Plastic Chair','Granite™',2,423.99,0,2.67,117,10,1,'Granite™','Gorgeous','Electronics®'),(4,'LEGO® Handmade Granite Pizza','Concrete™',0,104.99,1,0.00,766,4,0,'Concrete™','Handcrafted','Books®'),(5,'LEGO® Awesome Concrete Bacon','Granite™',3,142.99,1,1.36,640,3,1,'Granite™','Sleek','Games®'),(6,'LEGO® Sleek Concrete Salad','Steel™',3,407.99,0,2.24,694,3,0,'Steel™','Incredible','Grocery®'),(7,'LEGO® Practical Soft Mouse','Rubber™',3,321.99,0,3.04,319,13,1,'Rubber™','Handmade','Games®'),(8,'LEGO® Rustic Plastic Cheese','Rubber™',1,485.99,1,4.39,873,4,0,'Rubber™','Intelligent','Movies®'),(9,'LEGO® Handcrafted Metal Pants','Soft™',3,244.99,1,0.62,788,7,0,'Soft™','Handmade','Shoes®'),(10,'LEGO® Rustic Wooden Table','Fresh™',3,91.99,1,0.17,707,14,0,'Fresh™','Refined','Home®'),(11,'LEGO® Incredible Fresh Towels','Soft™',0,160.99,1,1.42,210,11,1,'Soft™','Incredible','Outdoors®'),(12,'LEGO® Handcrafted Granite Car','Metal™',0,350.99,0,2.64,532,3,0,'Metal™','Sleek','Books®'),(13,'LEGO® Small Concrete Salad','Rubber™',1,327.99,1,4.29,11,5,0,'Rubber™','Ergonomic','Industrial®'),(14,'LEGO® Gorgeous Concrete Ball','Plastic™',1,129.99,0,0.88,481,13,1,'Plastic™','Practical','Toys®'),(15,'LEGO® Intelligent Granite Soap','Concrete™',2,412.99,1,1.32,424,7,1,'Concrete™','Handcrafted','Automotive®'),(16,'LEGO® Generic Wooden Gloves','Rubber™',2,313.99,1,0.37,889,13,0,'Rubber™','Unbranded','Beauty®'),(17,'LEGO® Small Frozen Soap','Plastic™',0,1.99,1,2.30,398,8,0,'Plastic™','Generic','Toys®'),(18,'LEGO® Ergonomic Steel Salad','Rubber™',3,131.99,1,1.19,232,14,0,'Rubber™','Awesome','Grocery®'),(19,'LEGO® Incredible Metal Cheese','Wooden™',3,94.99,1,4.41,158,2,1,'Wooden™','Handcrafted','Beauty®'),(20,'LEGO® Intelligent Soft Tuna','Cotton™',3,440.99,0,1.56,612,11,1,'Cotton™','Generic','Jewelery®'),(21,'LEGO® Generic Fresh Pizza','Rubber™',3,349.99,0,1.02,257,1,1,'Rubber™','Practical','Baby®'),(22,'LEGO® Generic Concrete Soap','Frozen™',2,74.99,1,0.91,681,8,0,'Frozen™','Intelligent','Industrial®'),(23,'LEGO® Fantastic Steel Soap','Steel™',0,339.99,0,3.45,225,11,1,'Steel™','Refined','Tools®'),(24,'LEGO® Fantastic Rubber Chips','Steel™',2,17.99,1,1.51,372,6,0,'Steel™','Generic','Tools®'),(25,'LEGO® Sleek Plastic Cheese','Granite™',1,191.99,0,3.08,236,9,0,'Granite™','Ergonomic','Beauty®'),(26,'LEGO® Refined Fresh Shoes','Cotton™',1,326.99,1,3.99,463,15,1,'Cotton™','Licensed','Garden®'),(27,'LEGO® Generic Steel Keyboard','Granite™',2,159.99,1,1.85,771,1,1,'Granite™','Practical','Beauty®'),(28,'LEGO® Incredible Rubber Tuna','Soft™',2,234.99,1,0.74,436,4,0,'Soft™','Tasty','Games®'),(29,'LEGO® Refined Granite Mouse','Granite™',1,219.99,1,2.97,951,7,0,'Granite™','Generic','Home®'),(30,'LEGO® Sleek Cotton Salad','Steel™',1,109.99,1,3.59,563,11,0,'Steel™','Fantastic','Games®'),(31,'LEGO® Practical Plastic Bike','Rubber™',3,460.99,1,2.78,121,3,1,'Rubber™','Handcrafted','Shoes®'),(32,'LEGO® Rustic Concrete Shoes','Concrete™',0,483.99,1,3.21,134,9,0,'Concrete™','Sleek','Automotive®'),(33,'LEGO® Intelligent Metal Soap','Wooden™',2,182.99,1,4.10,976,9,0,'Wooden™','Tasty','Computers®'),(34,'LEGO® Practical Granite Shoes','Wooden™',3,27.99,1,4.22,863,5,1,'Wooden™','Licensed','Industrial®'),(35,'LEGO® Refined Metal Bacon','Metal™',2,2.99,0,3.06,749,10,0,'Metal™','Intelligent','Outdoors®'),(36,'LEGO® Unbranded Plastic Mouse','Wooden™',1,159.99,1,4.33,168,5,0,'Wooden™','Gorgeous','Tools®'),(37,'LEGO® Unbranded Steel Shoes','Frozen™',3,460.99,0,2.81,128,4,0,'Frozen™','Handmade','Garden®'),(38,'LEGO® Fantastic Metal Salad','Metal™',3,156.99,0,0.28,202,15,1,'Metal™','Tasty','Industrial®'),(39,'LEGO® Fantastic Concrete Hat','Metal™',2,444.99,1,2.00,805,9,0,'Metal™','Incredible','Grocery®'),(40,'LEGO® Tasty Rubber Computer','Cotton™',2,354.99,0,4.72,829,2,1,'Cotton™','Fantastic','Industrial®'),(41,'LEGO® Intelligent Rubber Chair','Metal™',2,284.99,0,0.08,722,2,1,'Metal™','Practical','Outdoors®'),(42,'LEGO® Tasty Wooden Pizza','Fresh™',1,93.99,0,4.93,733,8,1,'Fresh™','Sleek','Outdoors®'),(43,'LEGO® Tasty Plastic Car','Steel™',1,26.99,1,4.45,177,4,1,'Steel™','Ergonomic','Jewelery®'),(44,'LEGO® Refined Fresh Sausages','Cotton™',0,251.99,1,3.60,27,1,1,'Cotton™','Awesome','Music®'),(45,'LEGO® Fantastic Rubber Fish','Cotton™',1,371.99,1,3.65,535,2,0,'Cotton™','Sleek','Computers®'),(46,'LEGO® Awesome Steel Pants','Soft™',3,426.99,0,4.39,756,2,1,'Soft™','Tasty','Sports®'),(47,'LEGO® Awesome Rubber Tuna','Plastic™',0,27.99,0,4.59,605,5,0,'Plastic™','Licensed','Home®'),(48,'LEGO® Sleek Fresh Salad','Wooden™',0,235.99,1,3.59,489,11,1,'Wooden™','Practical','Books®'),(49,'LEGO® Handmade Fresh Computer','Cotton™',2,74.99,0,2.85,476,1,1,'Cotton™','Incredible','Health®'),(50,'LEGO® Refined Steel Soap','Steel™',2,314.99,1,1.81,790,8,1,'Steel™','Sleek','Garden®'),(51,'LEGO® Practical Fresh Shirt','Granite™',3,362.99,1,0.92,418,12,0,'Granite™','Incredible','Beauty®'),(52,'LEGO® Practical Soft Salad','Steel™',1,343.99,0,1.32,717,10,0,'Steel™','Gorgeous','Home®'),(53,'LEGO® Practical Wooden Mouse','Concrete™',1,262.99,0,0.77,586,14,1,'Concrete™','Fantastic','Jewelery®'),(54,'LEGO® Incredible Fresh Shoes','Metal™',0,101.99,1,1.74,24,4,0,'Metal™','Gorgeous','Grocery®'),(55,'LEGO® Tasty Steel Table','Cotton™',1,308.99,0,2.91,913,5,0,'Cotton™','Rustic','Grocery®'),(56,'LEGO® Tasty Concrete Shoes','Metal™',0,489.99,0,3.28,282,5,0,'Metal™','Sleek','Clothing®'),(57,'LEGO® Practical Wooden Computer','Cotton™',2,273.99,1,1.44,993,10,1,'Cotton™','Handmade','Kids®'),(58,'LEGO® Licensed Concrete Cheese','Frozen™',3,269.99,0,2.26,160,11,0,'Frozen™','Tasty','Health®'),(59,'LEGO® Handmade Wooden Table','Fresh™',2,67.99,0,2.11,834,3,1,'Fresh™','Unbranded','Kids®'),(60,'LEGO® Small Steel Soap','Rubber™',1,10.99,1,3.75,101,7,1,'Rubber™','Rustic','Tools®'),(61,'LEGO® Intelligent Frozen Table','Plastic™',1,184.99,1,2.04,924,9,0,'Plastic™','Handcrafted','Garden®'),(62,'LEGO® Incredible Soft Tuna','Metal™',3,425.99,1,3.66,449,2,1,'Metal™','Incredible','Computers®'),(63,'LEGO® Sleek Concrete Fish','Concrete™',3,319.99,0,4.72,707,8,0,'Concrete™','Fantastic','Tools®'),(64,'LEGO® Ergonomic Concrete Gloves','Fresh™',0,34.99,0,2.57,434,5,1,'Fresh™','Handcrafted','Games®'),(65,'LEGO® Fantastic Fresh Chips','Frozen™',1,347.99,1,1.17,257,1,0,'Frozen™','Awesome','Shoes®'),(66,'LEGO® Refined Fresh Car','Granite™',3,92.99,1,2.71,678,7,0,'Granite™','Refined','Clothing®'),(67,'LEGO® Unbranded Fresh Soap','Fresh™',3,233.99,0,1.81,923,11,1,'Fresh™','Awesome','Baby®'),(68,'LEGO® Incredible Soft Tuna','Wooden™',3,280.99,0,3.82,178,10,0,'Wooden™','Rustic','Computers®'),(69,'LEGO® Practical Granite Car','Plastic™',3,476.99,1,2.02,532,2,1,'Plastic™','Practical','Kids®'),(70,'LEGO® Rustic Cotton Shirt','Plastic™',2,189.99,0,1.28,735,3,1,'Plastic™','Handmade','Electronics®'),(71,'LEGO® Licensed Fresh Computer','Steel™',3,17.99,1,0.00,694,6,0,'Steel™','Generic','Industrial®'),(72,'LEGO® Incredible Granite Hat','Metal™',0,345.99,1,2.18,337,1,0,'Metal™','Tasty','Grocery®'),(73,'LEGO® Handmade Soft Car','Metal™',0,330.99,0,4.77,161,5,0,'Metal™','Sleek','Outdoors®'),(74,'LEGO® Handcrafted Fresh Sausages','Rubber™',3,371.99,0,2.98,556,10,1,'Rubber™','Incredible','Shoes®'),(75,'LEGO® Sleek Rubber Fish','Fresh™',2,268.99,0,4.71,319,2,0,'Fresh™','Handmade','Kids®'),(76,'LEGO® Unbranded Rubber Computer','Fresh™',3,90.99,0,0.79,712,12,0,'Fresh™','Awesome','Tools®'),(77,'LEGO® Generic Fresh Cheese','Plastic™',2,387.99,1,2.43,489,7,1,'Plastic™','Gorgeous','Tools®'),(78,'LEGO® Unbranded Rubber Car','Wooden™',1,317.99,0,1.07,551,11,1,'Wooden™','Rustic','Automotive®'),(79,'LEGO® Intelligent Concrete Towels','Wooden™',1,13.99,0,1.48,851,11,1,'Wooden™','Refined','Beauty®'),(80,'LEGO® Tasty Cotton Table','Concrete™',2,204.99,1,1.43,888,9,1,'Concrete™','Ergonomic','Kids®'),(81,'LEGO® Incredible Wooden Chicken','Granite™',1,353.99,0,0.04,948,12,1,'Granite™','Small','Automotive®'),(82,'LEGO® Refined Rubber Cheese','Fresh™',1,129.99,0,0.97,45,11,1,'Fresh™','Gorgeous','Jewelery®'),(83,'LEGO® Incredible Fresh Gloves','Rubber™',2,382.99,1,3.42,275,4,0,'Rubber™','Tasty','Grocery®'),(84,'LEGO® Ergonomic Frozen Soap','Metal™',3,253.99,0,3.85,679,3,1,'Metal™','Tasty','Toys®'),(85,'LEGO® Licensed Rubber Hat','Granite™',2,181.99,0,4.16,538,7,1,'Granite™','Small','Garden®'),(86,'LEGO® Tasty Cotton Soap','Granite™',2,295.99,0,3.39,847,6,1,'Granite™','Incredible','Tools®'),(87,'LEGO® Rustic Granite Towels','Cotton™',2,280.99,0,4.38,812,15,0,'Cotton™','Gorgeous','Music®'),(88,'LEGO® Unbranded Cotton Car','Wooden™',0,211.99,0,2.34,173,5,0,'Wooden™','Sleek','Sports®'),(89,'LEGO® Gorgeous Steel Hat','Plastic™',3,396.99,1,4.30,365,15,0,'Plastic™','Gorgeous','Baby®'),(90,'LEGO® Licensed Frozen Towels','Plastic™',1,54.99,0,4.73,145,1,0,'Plastic™','Handmade','Kids®'),(91,'LEGO® Sleek Metal Mouse','Fresh™',3,82.99,0,3.33,865,1,1,'Fresh™','Handmade','Toys®'),(92,'LEGO® Practical Concrete Towels','Rubber™',0,315.99,0,1.08,853,14,1,'Rubber™','Incredible','Toys®'),(93,'LEGO® Fantastic Granite Towels','Concrete™',2,387.99,1,4.71,36,11,1,'Concrete™','Intelligent','Home®'),(94,'LEGO® Ergonomic Fresh Shirt','Wooden™',0,52.99,0,1.79,514,5,1,'Wooden™','Handcrafted','Automotive®'),(95,'LEGO® Generic Metal Shoes','Frozen™',3,73.99,1,3.21,470,1,0,'Frozen™','Incredible','Garden®'),(96,'LEGO® Gorgeous Frozen Hat','Fresh™',3,213.99,1,3.13,818,15,1,'Fresh™','Sleek','Beauty®'),(97,'LEGO® Gorgeous Granite Towels','Soft™',0,102.99,1,4.39,758,1,0,'Soft™','Rustic','Electronics®'),(98,'LEGO® Refined Soft Bike','Plastic™',1,281.99,0,2.37,842,10,0,'Plastic™','Refined','Home®'),(99,'LEGO® Intelligent Wooden Bike','Metal™',1,311.99,0,1.86,90,13,0,'Metal™','Sleek','Clothing®'),(100,'LEGO® Fantastic Frozen Chicken','Plastic™',0,254.99,1,4.32,460,15,1,'Plastic™','Licensed','Toys®');
/*!40000 ALTER TABLE `products` ENABLE KEYS */;
UNLOCK TABLES;

--
-- Table structure for table `stores`
--

DROP TABLE IF EXISTS `stores`;
/*!40101 SET @saved_cs_client     = @@character_set_client */;
/*!40101 SET character_set_client = utf8 */;
CREATE TABLE `stores` (
  `id` int(11) NOT NULL AUTO_INCREMENT,
  `name` varchar(150) NOT NULL,
  `address` varchar(250) NOT NULL,
  `city` varchar(150) NOT NULL,
  `state` varchar(2) NOT NULL,
  `zip` varchar(10) NOT NULL,
  `phone` varchar(30) NOT NULL,
  `details` varchar(350) NOT NULL,
  PRIMARY KEY (`id`)
) ENGINE=InnoDB AUTO_INCREMENT=21 DEFAULT CHARSET=utf8;
/*!40101 SET character_set_client = @saved_cs_client */;

--
-- Dumping data for table `stores`
--

LOCK TABLES `stores` WRITE;
/*!40000 ALTER TABLE `stores` DISABLE KEYS */;
INSERT INTO `stores` VALUES (1,'LEGO® Store Glover Avenue','2635 Stark Run','Champlinborough','WY','77880','1-569-436-2501','https://fec-lego.s3-us-west-1.amazonaws.com/Store+Details/store+1.png'),(2,'LEGO® Store Watsica Ways','909 Stan Motorway','New Lueborough','SD','44727','(331) 786-2410 x71375','https://fec-lego.s3-us-west-1.amazonaws.com/Store+Details/store+2.png'),(3,'LEGO® Store Raphael Hills','943 Kristofer Hills','Mikaylastad','WV','07678','1-271-582-0087 x579','https://fec-lego.s3-us-west-1.amazonaws.com/Store+Details/store+3.png'),(4,'LEGO® Store Jones Springs','5642 Reynolds Views','New Jaceyville','AZ','77899','(541) 707-7815 x936','https://fec-lego.s3-us-west-1.amazonaws.com/Store+Details/store+4.png'),(5,'LEGO® Store Rasheed Ports','22899 Leuschke Rest','North Trevastad','MA','03180','380.963.9506','https://fec-lego.s3-us-west-1.amazonaws.com/Store+Details/store+5.png'),(6,'LEGO® Store Reagan Ferry','14409 Rico Creek','Durganshire','AL','94844','936.873.3697','https://fec-lego.s3-us-west-1.amazonaws.com/Store+Details/store+6.png'),(7,'LEGO® Store Ken Lock','07982 Brendan Turnpike','East Edgardo','AL','43830','809-642-4574','https://fec-lego.s3-us-west-1.amazonaws.com/Store+Details/store+7.png'),(8,'LEGO® Store Abigayle Trafficway','999 Tito Prairie','Littelberg','HI','99090','598-661-6090','https://fec-lego.s3-us-west-1.amazonaws.com/Store+Details/store+8.png'),(9,'LEGO® Store McCullough Plains','72104 Greta Bridge','Lauraland','ND','77205','(430) 224-3603','https://fec-lego.s3-us-west-1.amazonaws.com/Store+Details/store+9.png'),(10,'LEGO® Store Landen Spur','26678 Felipa Rest','Raphaellemouth','HI','27166','476.601.6168 x523','https://fec-lego.s3-us-west-1.amazonaws.com/Store+Details/store+10.png'),(11,'LEGO® Store Brandy Forks','361 Gerhold Ridges','Port Lempiburgh','FL','84758','(904) 973-3711','https://fec-lego.s3-us-west-1.amazonaws.com/Store+Details/store+11.png'),(12,'LEGO® Store Tyreek Course','71604 Lila Islands','Lake Quinnburgh','WY','52064','1-222-598-9851','https://fec-lego.s3-us-west-1.amazonaws.com/Store+Details/store+12.png'),(13,'LEGO® Store Adrain Squares','56350 Armstrong Pines','West Sheldon','SC','27009','1-652-902-0190 x075','https://fec-lego.s3-us-west-1.amazonaws.com/Store+Details/store+13.png'),(14,'LEGO® Store Witting Alley','87130 Rosemarie Road','Jeromeborough','CA','36639','(277) 267-2246','https://fec-lego.s3-us-west-1.amazonaws.com/Store+Details/store+14.png'),(15,'LEGO® Store Rolfson Road','29195 Goodwin Crescent','New Brooklyn','MD','84480','917.771.7494 x03359','https://fec-lego.s3-us-west-1.amazonaws.com/Store+Details/store+15.png'),(16,'LEGO® Store Batz Rest','31813 Lakin Bridge','New Lucius','VT','35231','281-287-2062 x106','https://fec-lego.s3-us-west-1.amazonaws.com/Store+Details/store+16.png'),(17,'LEGO® Store Rebecca Burg','14023 Jaycee Wells','Willisside','IA','67317','247-327-9023 x5841','https://fec-lego.s3-us-west-1.amazonaws.com/Store+Details/store+17.png'),(18,'LEGO® Store Troy Via','248 Brooks Loop','South Andreanne','KY','51992','(708) 817-6961 x4925','https://fec-lego.s3-us-west-1.amazonaws.com/Store+Details/store+18.png'),(19,'LEGO® Store Austen Greens','44815 Jeremie Falls','Lake Reillyburgh','OK','22996','1-327-445-2838 x5745','https://fec-lego.s3-us-west-1.amazonaws.com/Store+Details/store+19.png'),(20,'LEGO® Store Keshaun Parks','123 Haag Road','O\'Harafort','IA','01402','1-757-364-8211','https://fec-lego.s3-us-west-1.amazonaws.com/Store+Details/store+20.png');
/*!40000 ALTER TABLE `stores` ENABLE KEYS */;
UNLOCK TABLES;
/*!40103 SET TIME_ZONE=@OLD_TIME_ZONE */;

/*!40101 SET SQL_MODE=@OLD_SQL_MODE */;
/*!40014 SET FOREIGN_KEY_CHECKS=@OLD_FOREIGN_KEY_CHECKS */;
/*!40014 SET UNIQUE_CHECKS=@OLD_UNIQUE_CHECKS */;
/*!40101 SET CHARACTER_SET_CLIENT=@OLD_CHARACTER_SET_CLIENT */;
/*!40101 SET CHARACTER_SET_RESULTS=@OLD_CHARACTER_SET_RESULTS */;
/*!40101 SET COLLATION_CONNECTION=@OLD_COLLATION_CONNECTION */;
/*!40111 SET SQL_NOTES=@OLD_SQL_NOTES */;

-- Dump completed on 2020-10-09 22:07:56
